"id","book_name","publisher","can_borrow","suitable_ages","has_pinyin","is_english","store_area","book_tags","user_id","note"
"3,070",﻿我爸爸,河北教育出版社,"0","1-5岁","0","0",,儿童图书+绘本,2,
"3,071",我妈妈,河北教育出版社,"0","1-5岁","0","0",a,儿童图书+绘本,2,英文版在d中
"3,072",脸，脸，各种各样的脸,少年儿童出版社,"1","1-3岁","0","0",a,儿童图书+绘本,2,
"3,073",七只瞎老鼠,河北教育出版社,"0","1-3岁","0","0",a,儿童图书+绘本,2,
"3,074",《识字》幼儿智力训练 培养认知能力 辨别能力,湖北美术出版社,"1","1-6岁","0","0",a,儿童图书+图书,2,
"3,075",好饿的毛毛虫,明天出版社,"1","1-6岁","0","0",a,儿童图书+绘本,2,
"3,076",蚂蚁和西瓜,二十一世纪出版社,"0","1-6岁","0","0",a,儿童图书+绘本,2,
"3,077",我的小星星  (美)珍妮特·宾厄姆|译者,童趣初版有限公司编译 人民邮电出版社出版,"1","1-6岁","0","0",a,儿童图书+绘本,2,
"3,078",我带月亮去散步,重庆出版社,"1","1-6岁","0","2",a,儿童图书+绘本,2,
"3,079",跟上那头熊 只要够胆量,贵州人民出版社,"1","1-6岁","0","0",a,儿童图书+绘本,2,
"3,080",一寸虫,明天出版社,"1","2-6岁","0","0",a,儿童图书+绘本,2,
"3,081",爱心树The Giving  Tree,南海出版公司,"0","2-6岁","0","0",a,儿童图书+绘本,2,
"3,082",月亮的味道,二十一世纪出版社,"1","2-6岁","0","0",a,儿童图书+绘本,2,
"3,083",好玩的数学绘本【第一辑】：我和123,化学工业出版社,"1","1-5岁","0","0",a,儿童图书+绘本,2,
"3,084",好玩的数学绘本【第一辑】：一只脚蹦蹦跳,化学工业出版社,"1","1-5岁","0","0",a,儿童图书+绘本,2,
"3,085",好玩的数学绘本【第一辑】：小小外星人刷拉拉,化学工业出版社,"1","1-5岁","0","0",a,儿童图书+绘本,2,
"3,086",好玩的数学绘本【第一辑】：基摩的旅行,化学工业出版社,"0","1-5岁","0","0",a,儿童图书+绘本,2,
"3,087",好玩的数学绘本【第一辑】：卷发婚礼,化学工业出版社,"1","1-5岁","0","0",a,儿童图书+绘本,2,
"3,088",好玩的数学绘本【第一辑】：图形星的怪样国王,化学工业出版社,"1","1-5岁","0","0",a,儿童图书+绘本,2,
"3,089",好玩的数学绘本【第一辑】：喵喵猫尖尖猫嘣嘣猫,化学工业出版社,"1","1-5岁","0","0",a,儿童图书+绘本,2,
"3,090",好玩的数学绘本【第一辑】：小鬼加布,化学工业出版社,"1","1-5岁","0","0",a,儿童图书+绘本,2,
"3,091",好玩的数学绘本【第一辑】：王牌汽车,化学工业出版社,"0","1-5岁","0","0",a,儿童图书+绘本,2,
"3,092",好玩的数学绘本【第一辑】：多多拉粑粑的日子,化学工业出版社,"0","1-5岁","0","0",a,儿童图书+绘本,2,
"3,093",好玩的数学绘本【第二辑】：嘀嗒嘀嗒当 当 当,化学工业出版社,"1","3-6岁","0","0",a,儿童图书+绘本,2,
"3,094",好玩的数学绘本【第二辑】：破旧的卡车,化学工业出版社,"1","3-6岁","0","0",a,儿童图书+绘本,2,
"3,095",好玩的数学绘本【第二辑】：+—×÷变魔术,化学工业出版社,"1","3-6岁","0","0",a,儿童图书+绘本,2,
"3,096",好玩的数学绘本【第二辑】：奇怪的一天,化学工业出版社,"1","3-6岁","0","0",a,儿童图书+绘本,2,
"3,097",好玩的数学绘本【第二辑】：最小的风妖精,化学工业出版社,"1","3-6岁","0","0",a,儿童图书+绘本,2,
"3,098",好玩的数学绘本【第二辑】：这可不行,化学工业出版社,"1","3-6岁","0","0",a,儿童图书+绘本,2,
"3,099",好玩的数学绘本【第二辑】：排排队,化学工业出版社,"1","3-6岁","0","0",a,儿童图书+绘本,2,
"3,100",好玩的数学绘本【第二辑】：比一比,化学工业出版社,"1","3-6岁","0","0",a,儿童图书+绘本,2,
"3,101",好玩的数学绘本【第二辑】：小熊的鱼娃娃,化学工业出版社,"1","3-6岁","0","0",a,儿童图书+绘本,2,
"3,102",好玩的数学绘本【第二辑】：找到啦,化学工业出版社,"1","3-6岁","0","0",a,儿童图书+绘本,2,
"3,103",好玩的数学绘本【第三辑】：猫咪的一天,化学工业出版社,"1","3-6岁","0","0",a,儿童图书+绘本,2,
"3,104",好玩的数学绘本【第三辑】：笑眯眯阿姨的星星面包,化学工业出版社,"1","3-6岁","0","0",a,儿童图书+绘本,2,
"3,105",好玩的数学绘本【第三辑】：彩虹棉花糖,化学工业出版社,"1","3-6岁","0","0",a,儿童图书+绘本,2,
"3,106",好玩的数学绘本【第三辑】：嗖嗖的叶子车,化学工业出版社,"1","3-6岁","0","0",a,儿童图书+绘本,2,
"3,107",好玩的数学绘本【第三辑】：毛毛虫的袜子,化学工业出版社,"1","3-6岁","0","0",a,儿童图书+绘本,2,
"3,108",好玩的数学绘本【第三辑】：清扫机器人咕咚,化学工业出版社,"1","3-6岁","0","0",a,儿童图书+绘本,2,
"3,109",好玩的数学绘本【第三辑】：花妖精的生日派对,化学工业出版社,"1","3-6岁","0","0",a,儿童图书+绘本,2,
"3,110",好玩的数学绘本【第三辑】：好奇王子和花花绿绿的蚯蚓,化学工业出版社,"1","3-6岁","0","0",a,儿童图书+绘本,2,
"3,111",好玩的数学绘本【第三辑】：大头国王的王冠 ,化学工业出版社,"1","3-6岁","0","0",a,儿童图书+绘本,2,
"3,112",好玩的数学绘本【第三辑】：蜡笔的颜色大比拼,化学工业出版社,"1","3-6岁","0","0",a,儿童图书+绘本,2,
"3,113",我的第一本专注力训练书,童趣初版有限公司编译 人民邮电出版社出版,"1","3-7岁","0","0",a,儿童图书+图画书,2,
"3,114",I SPY 视觉大发现：奇趣谜  专注力训练,接力出版社,"1","5-8岁","0","0",a,儿童图书+图画书,2,
"3,115",I SPY 视觉大发现：哈哈屋  专注力训练,接力出版社,"1","5-8岁","0","0",a,儿童图书+图画书,2,
"3,116",I SPY 视觉大发现：深夜古堡  专注力训练,接力出版社,"0","5-8岁","0","0",a,儿童图书+图画书,2,
"3,117",I SPY 视觉大发现：校园迷宫  专注力训练,接力出版社,"0","5-8岁","0","0",a,儿童图书+图画书,2,
"3,118",I SPY 视觉大发现：圣诞惊奇  专注力训练,接力出版社,"1","5-8岁","0","0",a,儿童图书+图画书,2,
"3,119",I SPY 视觉大发现：最后的宝藏  专注力训练,接力出版社,"1","5-8岁","0","0",a,儿童图书+图画书,2,
"3,120",I SPY 视觉大发现：奥秘谷  专注力训练,接力出版社,"1","5-8岁","0","0",a,儿童图书+图画书,2,
"3,121",I SPY 视觉大发现：怪物加工厂  专注力训练,接力出版社,"1","5-8岁","0","0",a,儿童图书+图画书,2,
"3,122","5分钟玩出专注力 家长必读",中信出版社,"1",家长,"0","0",a,图书+游戏书,2,
"3,123",托马斯和朋友动画故事乐园（第三辑）：别告诉托马斯,童趣初版有限公司编译 人民邮电出版社出版,"1","2-7岁","0","0",a,儿童图书+图画书,2,
"3,124",托马斯和朋友动画故事乐园（第三辑）：亨利和许愿树,童趣初版有限公司编译 人民邮电出版社出版,"1","2-7岁","0","0",a,儿童图书+图画书,2,
"3,125",托马斯和朋友动画故事乐园（第三辑）：了不起的高登,童趣初版有限公司编译 人民邮电出版社出版,"1","2-7岁","0","0",a,儿童图书+图画书,2,
"3,126",托马斯和朋友动画故事乐园（第三辑）：培西的新汽笛,童趣初版有限公司编译 人民邮电出版社出版,"1","2-7岁","0","0",a,儿童图书+图画书,2,
"3,127",托马斯和朋友动画故事乐园（第三辑）：托马斯和太空船,童趣初版有限公司编译 人民邮电出版社出版,"1","2-7岁","0","0",a,儿童图书+图画书,2,
"3,128",托马斯和朋友动画故事乐园（第三辑）：托马斯和文具店,童趣初版有限公司编译 人民邮电出版社出版,"0","2-7岁","0","0",a,儿童图书+图画书,2,
"3,129",托马斯和朋友动画故事乐园（第三辑）：小火车捉迷藏,童趣初版有限公司编译 人民邮电出版社出版,"1","2-7岁","0","0",a,儿童图书+图画书,2,
"3,130",托马斯和朋友动画故事乐园（第三辑）：勇敢的史卡洛,童趣初版有限公司编译 人民邮电出版社出版,"1","2-7岁","0","0",a,儿童图书+图画书,2,
"3,131",宫西达也：你看起来好像很好吃,二十一世纪出版社,"1","3岁以上","0","0",a,儿童图书+绘本,2,
"3,132",宫西达也：我是霸王龙,二十一世纪出版社,"1","3岁以上","0","0",a,儿童图书+绘本,2,
"3,133",宫西达也：你真好,二十一世纪出版社,"1","3岁以上","0","0",a,儿童图书+绘本,2,
"3,134",宫西达也：永远永远爱你,二十一世纪出版社,"1","3岁以上","0","0",a,儿童图书+绘本,2,
"3,135",宫西达也：我爱你,二十一世纪出版社,"1","3岁以上","0","0",a,儿童图书+绘本,2,
"3,136",宫西达也：遇到你，真好,二十一世纪出版社,"1","3岁以上","0","0",a,儿童图书+绘本,2,
"3,137",宫西达也：最爱的，是我,二十一世纪出版社,"1","3岁以上","0","0",a,儿童图书+绘本,2,
"3,138",宫西达也：神奇糖果店,河北教育出版社,"1","2-7岁","0","0",a,儿童图书+绘本,2,
"3,139",阿文的小毯子（启发系列）,河北教育出版社,"0",,"0","0",a,儿童图书+绘本,2,
"3,140",生气的亚瑟,河北教育出版社,"1",,"0","0",a,儿童图书+绘本,2,
"3,141",最美的黄玫瑰,新蕾出版社,"1",,"0","0",a,儿童图书+绘本,2,
"3,142",五个小怪物,贵州人民出版社,"1",,"0","0",a,儿童图书+绘本,2,
"3,143",艾薇的礼物,湖北少年儿童出版社,"1",,"0","0",a,儿童图书+绘本,2,
"3,144",威利和朋友,二十一世纪出版社,"1",,"0","0",a,儿童图书+绘本,2,
"3,145",云朵面包,接力出版社,"1",,"0","0",a,儿童图书+绘本,2,
"3,146",长大以后做什么,南海出版社,"1",,"0","0",a,儿童图书+绘本,2,
"3,147",拇指姑娘,未来出版社,"1",,"0","0",a,儿童图书+绘本,2,
"3,148",恐龙队长（小海绵科普系列）,明天出版社,"1",,"0","0",a,儿童图书+绘本,2,
"3,149",五颜六色的叶子（小海绵科普系列）,明天出版社,"1",,"0","0",a,儿童图书+绘本,2,
"3,150",汽车是怎样跑起来的（小海绵科普系列）,明天出版社,"1",,"0","0",a,儿童图书+绘本,2,
"3,151",燕子为什么向南飞？,明天出版社,"1",,"0","0",a,儿童图书+绘本,2,
"3,152",小猪闹闹,湖北美术出版社,"1","3--8岁","0","0",a,儿童图书+绘本,2,
"3,153",小象欧利找弟弟,湖北美术出版社,"1","4--9岁","0","0",a,儿童图书+绘本,2,
"3,154",达芬奇想飞,湖北美术出版社,"1","3--8岁","0","0",a,儿童图书+绘本,2,
"3,155",青蛙王子历险记,湖北美术出版社,"0","4--9岁","0","0",a,儿童图书+绘本,2,
"3,156",小棕熊的梦,湖北美术出版社,"1",,"0","0",a,儿童图书+绘本,2,
"3,157",星期四要去哪里呢？（蒲公英童书馆）列图画书）,贵州人民出版社,"1",,"0","0",a,儿童图书+绘本,2,
"3,158",讨厌黑夜的席奶奶（启发系列）,河北教育出版社,"1","3--8岁","0","0",a,儿童图书+绘本,2,
"3,159",一个黑黑、黑黑的故事,河北少年儿童出版社,"1","3--8岁","0","0",a,儿童图书+绘本,2,
"3,160",不那么可怕的巨牛怪,现代教育出版社,"1","3--8岁","0","0",a,儿童图书+绘本,2,
"3,161",晚安，魔力月亮,童趣初版有限公司编译 人民邮电出版社出版,"1","3--8岁",,,a,,2,
"3,162",神奇校车：漫游电世界,贵州人民出版社,"0","3--8岁","0","0",a,儿童图书+图画书,2,
"3,163",神奇校车：海底探险,贵州人民出版社,"0","3--8岁","0","0",a,儿童图书+图画书,2,
"3,164",神奇校车：在人体中游览,贵州人民出版社,"1","3--8岁","0","0",a,儿童图书+图画书,2,
"3,165",神奇校车：追寻恐龙,贵州人民出版社,"1","3--8岁","0","0",a,儿童图书+图画书,2,
"3,166",神奇校车：水的故事,贵州人民出版社,"0","3--8岁","0","0",a,儿童图书+图画书,2,
"3,167",神奇校车：穿越飓风,贵州人民出版社,"1","3--8岁","0","0",a,儿童图书+图画书,2,
"3,168",神奇校车：奇妙的蜂巢,贵州人民出版社,"1","3--8岁","0","0",a,儿童图书+图画书,2,
"3,169",神奇校车：气候大挑战,贵州人民出版社,"1","3--8岁","0","0",a,儿童图书+图画书,2,
"3,170",神奇校车：探访感觉器官,贵州人民出版社,"1","3--8岁","0","0",a,儿童图书+图画书,2,
"3,171",神奇校车：迷失在太阳系,贵州人民出版社,"0","3--8岁","0","0",a,儿童图书+图画书,2,
"3,172",神奇校车：地球内部探险,贵州人民出版社,"1","3--8岁","0","0",a,儿童图书+图画书,2,
"3,173",神奇校车：战胜病菌,贵州人民出版社,"1","3--8岁","0","0",a,儿童图书+图画书,2,
"3,174",神奇校车：冬眠,贵州人民出版社,"1","3--8岁","0","0",a,儿童图书+图画书,2,
"3,175",神奇校车：经历暴风雨,贵州人民出版社,"1","3--8岁","0","0",a,儿童图书+图画书,2,
"3,176",神奇校车：体验心脏,贵州人民出版社,"1","3--8岁","0","0",a,儿童图书+图画书,2,
"3,177",神奇校车：鲨鱼奇遇,贵州人民出版社,"1","3--8岁","0","0",a,儿童图书+图画书,2,
"3,178",神奇校车：回收利用,贵州人民出版社,"1","3--8岁","0","0",a,儿童图书+图画书,2,
"3,179",神奇校车：第一次感恩节,贵州人民出版社,"1","3--8岁","0","0",a,儿童图书+图画书,2,
"3,180",神奇校车：在蝙蝠洞里,贵州人民出版社,"1","3--8岁","0","0",a,儿童图书+图画书,2,
"3,181",神奇校车：月球漫步,贵州人民出版社,"1","3--8岁","0","0",a,儿童图书+图画书,2,
"3,182",神奇校车：北极探险,贵州人民出版社,"1","3--8岁","0","0",a,儿童图书+图画书,2,
"3,183",神奇校车：乘风飞翔,贵州人民出版社,"1","3--8岁","0","0",a,儿童图书+图画书,2,
"3,184",神奇校车：疯狂的树叶旅行,贵州人民出版社,"1","3--8岁","0","0",a,儿童图书+图画书,2,
"3,185",神奇校车：与恐龙一起飞翔,贵州人民出版社,"1","3--8岁","0","0",a,儿童图书+图画书,2,
"3,186",神奇校车：建造自由女神像,贵州人民出版社,"1","3--8岁","0","0",a,儿童图书+图画书,2,
"3,187",神奇校车：丢失的牙齿,贵州人民出版社,"1","3--8岁","0","0",a,儿童图书+图画书,2,
"3,188",神奇校车：飞向太空,贵州人民出版社,"1","3--8岁","0","0",a,儿童图书+图画书,2,
"3,189",神奇校车：雪野迷踪,贵州人民出版社,"1","3--8岁","0","0",a,儿童图书+图画书,2,
"3,190",神奇校车：像螃蟹一样爬,贵州人民出版社,"1","3--8岁","0","0",a,儿童图书+图画书,2,
"3,191",神奇校车：飞离鸟巢,贵州人民出版社,"1","3--8岁","0","0",a,儿童图书+图画书,2,
"3,192",一千零一夜,上海人民美术出版社,"0",,"1","0",a,儿童图书+,2,
"3,193",马小跳玩数学1年级 主编杨红樱,吉林美术出版社,"0",,"1","0",a,儿童图书+,2,
"3,194",鼹鼠博士的地震探险,二十一世纪出版社,"1","3--8岁","0","0",a,儿童图书+绘本,2,
"3,195","448鼹鼠与小鸟（蒲公英童书馆）",贵州人民出版社,"1","3--8岁","0","0",,儿童图书+绘本,2,
"3,196",女王吉瑟拉,南海出版社,"1","4--9岁","0","0",a,儿童图书+绘本,2,
"3,197",小牛顿爱探索科普绘本：你好，机器人朋友,新蕾出版社,"1","4--9岁","0","0",a,儿童图书+绘本,2,
"3,198",小牛顿爱探索科普绘本：讨厌的噪音,新蕾出版社,"1","4--9岁","0","0",a,儿童图书+绘本,2,
"3,199",小牛顿爱探索科普绘本：咣当先生接骨记,新蕾出版社,"1","4--9岁","0","0",a,儿童图书+绘本,2,
"3,200",儿童情绪管理与性格培养绘本【第一辑关怀成长中的心灵】：爸爸妈妈，快回来吧！,化学工业出版社,"0",,"0","0",a,儿童图书+图画书,2,
"3,201",儿童情绪管理与性格培养绘本【第三辑生病了怎么办】：拉便便好疼,化学工业出版社,"0",,"0","0",a,儿童图书+图画书,2,
"3,202",儿童情绪管理与性格培养绘本【第三辑生病了怎么办】：哈利去医院,化学工业出版社,"1",,"0","0",a,儿童图书+图画书,2,
"3,203",儿童情绪管理与性格培养绘本【第三辑生病了怎么办】：我不怕疼,化学工业出版社,"1",,"0","0",a,儿童图书+图画书,2,
"3,204",儿童情绪管理与性格培养绘本【第八辑逆商培养】：不怕被嘲笑,化学工业出版社,"1","6-8岁","0","0",a,儿童图书+图画书,2,
"3,205",斯凯瑞金色童书·第一辑：忙忙碌碌镇,贵州人民出版社,"1",,"0","0",a,儿童图书+图画书,2,
"3,206",斯凯瑞金色童书·第一辑：轱辘轱辘转,贵州人民出版社,"1",,"0","0",a,儿童图书+图画书,2,
"3,207",斯凯瑞金色童书·第一辑：会讲故事的单词,贵州人民出版社,"1",,"0","2",a,儿童图书+图画书,2,
"3,208",斯凯瑞金色童书·第一辑：最受欢迎的故事,贵州人民出版社,"1",,"0","0",a,儿童图书+图画书,2,
"3,209",威廉先生的圣诞树,湖北美术出版社,"0","3-8岁","0","0",a,儿童图书+绘本,2,
"3,210",不一样的卡梅拉1——我想去看海,二十一世纪出版社,"1","3-8岁","0","0",a,儿童图书+图画书,2,
"3,211",不一样的卡梅拉2——我想有颗星星,二十一世纪出版社,"1","3-8岁","0","0",a,儿童图书+图画书,2,
"3,212",不一样的卡梅拉3——我想有个弟弟,二十一世纪出版社,"1","3-8岁","0","0",a,儿童图书+图画书,2,
"3,213",不一样的卡梅拉4——我去找回太阳,二十一世纪出版社,"1","3-8岁","0","0",a,儿童图书+图画书,2,
"3,214",不一样的卡梅拉5——我爱小黑猫,二十一世纪出版社,"1","3-8岁","0","0",a,儿童图书+图画书,2,
"3,215",不一样的卡梅拉6——我能打败怪兽,二十一世纪出版社,"1","3-8岁","0","0",a,儿童图书+图画书,2,
"3,216",不一样的卡梅拉7——我要找到朗朗,二十一世纪出版社,"1","3-8岁","0","0",a,儿童图书+图画书,2,
"3,217",不一样的卡梅拉8——我不要被吃掉,二十一世纪出版社,"1","3-8岁","0","0",a,儿童图书+图画书,2,
"3,218",不一样的卡梅拉9——我好喜欢她,二十一世纪出版社,"1","3-8岁","0","0",a,儿童图书+图画书,2,
"3,219",不一样的卡梅拉10——我要救出贝里奥,二十一世纪出版社,"1","3-8岁","0","0",a,儿童图书+图画书,2,
"3,220",不一样的卡梅拉11——我不是胆小鬼,二十一世纪出版社,"1","3-8岁","0","0",a,儿童图书+图画书,2,
"3,221",古利和古拉系列01：古利和古拉,南海出版公司,"1","3-7岁","0","0",a,儿童图书+绘本,2,
"3,222",古利和古拉系列02：古利和古拉的神秘客人,南海出版公司,"1","3-7岁","0","0",a,儿童图书+绘本,2,
"3,223",古利和古拉系列03：古利和古拉大扫除,南海出版公司,"1","3-7岁","0","0",a,儿童图书+绘本,2,
"3,224",古利和古拉系列04：古利和古拉去远足,南海出版公司,"1","3-7岁","0","0",a,儿童图书+绘本,2,
"3,225",古利和古拉系列05：古利和古拉与小堇,南海出版公司,"1","3-7岁","0","0",a,儿童图书+绘本,2,
"3,226",古利和古拉系列06：古利和古拉与古鲁力古拉,南海出版公司,"1","3-7岁","0","0",a,儿童图书+绘本,2,
"3,227",古利和古拉系列07：古利和古拉的海水浴,南海出版公司,"1","3-7岁","0","0",a,儿童图书+绘本,2,
"3,228",皮皮鲁童话成长悦读系列1：舒克和贝塔的故事,二十一世纪出版社,"1","5-10岁","0","0",a,儿童图书+图书,2,
"3,229",皮皮鲁童话成长悦读系列2：舒克贝塔在克里斯王国,二十一世纪出版社,"1","5-10岁","0","0",a,儿童图书+图书,2,
"3,230",皮皮鲁童话成长悦读系列3：舒克贝塔和皮皮鲁,二十一世纪出版社,"1","5-10岁","0","0",a,儿童图书+图书,2,
"3,231",皮皮鲁童话成长悦读系列4：舒克贝塔和海盗（上）,二十一世纪出版社,"1","5-10岁","0","0",a,儿童图书+图书,2,
"3,232",皮皮鲁童话成长悦读系列5：舒克贝塔和海盗（下）,二十一世纪出版社,"1","5-10岁","0","0",a,儿童图书+图书,2,
"3,233",皮皮鲁童话成长悦读系列6：舒克贝塔探亲记,二十一世纪出版社,"1","5-10岁","0","0",a,儿童图书+图书,2,
"3,234",皮皮鲁童话成长悦读系列7：舒克贝塔与鼠王,二十一世纪出版社,"1","5-10岁","0","0",a,儿童图书+图书,2,
"3,235",皮皮鲁童话成长悦读系列8：舒克贝塔和老鼠报,二十一世纪出版社,"1","5-10岁","0","0",a,儿童图书+图书,2,
"3,236",皮皮鲁童话成长悦读系列9：舒克贝塔和孤岛海战,二十一世纪出版社,"1","5-10岁","0","0",a,儿童图书+图书,2,
"3,237",皮皮鲁童话成长悦读系列10：舒克贝塔和玩具博览会,二十一世纪出版社,"1","5-10岁","0","0",a,儿童图书+图书,2,
"3,238",皮皮鲁童话成长悦读系列11：舒克贝塔和双子星球,二十一世纪出版社,"1","5-10岁","0","0",a,儿童图书+图书,2,
"3,239",皮皮鲁童话成长悦读系列12：舒克贝塔重返地球,二十一世纪出版社,"1","5-10岁","0","0",a,儿童图书+图书,2,
"3,240",皮皮鲁童话成长悦读系列13：舒克贝塔五角飞碟,二十一世纪出版社,"1","5-10岁","0","0",a,儿童图书+图书,2,
"3,241",皮皮鲁童话成长悦读系列14：舒克贝塔当作家,二十一世纪出版社,"1","5-10岁","0","0",a,儿童图书+图书,2,
"3,242",皮皮鲁童话成长悦读系列15：舒克贝塔去德国,二十一世纪出版社,"1","5-10岁","0","0",a,儿童图书+图书,2,
"3,243",皮皮鲁童话成长悦读系列16：,二十一世纪出版社,"0","5-10岁","0","0",a,儿童图书+图书,2,
"3,244",米小圈漫画成语：马不停蹄,四川少年儿童出版社,"0",,"0","0",a,儿童图书+图书,2,
"3,245",米小圈漫画成语：鸡飞蛋打,四川少年儿童出版社,"0",,"0","0",a,儿童图书+图书,2,
"3,246",米小圈漫画成语：画蛇添足,四川少年儿童出版社,"0",,"0","0",a,儿童图书+图书,2,
"3,247",米小圈漫画成语：狐假虎威,四川少年儿童出版社,"0",,"0","0",a,儿童图书+图书,2,
"3,248",米小圈脑筋急转弯：脑力挑战赛,四川少年儿童出版社,"1",,"0","0",a,儿童图书+图书,2,
"3,249",米小圈脑筋急转弯：机灵小神童,四川少年儿童出版社,"1",,"0","0",a,儿童图书+图书,2,
"3,250",米小圈脑筋急转弯：谁是聪明人,四川少年儿童出版社,"1",,"0","0",a,儿童图书+图书,2,
"3,251",米小圈脑筋急转弯：古堡大冒险,四川少年儿童出版社,"1",,"0","0",a,儿童图书+图书,2,
"3,252",米小圈上学记一年级：瞧这一家人,四川少年儿童出版社,"1",,"0","0",a,儿童图书+图书,2,
"3,253",米小圈上学记一年级：我是小学生,四川少年儿童出版社,"1",,"0","0",a,儿童图书+图书,2,
"3,254",米小圈上学记一年级：好朋友铁头,四川少年儿童出版社,"1",,"0","0",a,儿童图书+图书,2,
"3,255",米小圈上学记一年级：耗子是条狗,四川少年儿童出版社,"1",,"0","0",a,儿童图书+图书,2,
"3,256",米小圈上学记二年级：大自然小秘密,四川少年儿童出版社,"1",,"0","0",a,儿童图书+图书,2,
"3,257",米小圈上学记二年级：如果我有时光机,四川少年儿童出版社,"1",,"0","0",a,儿童图书+图书,2,
"3,258",米小圈上学记二年级：一箩筐的快乐,四川少年儿童出版社,"1",,"0","0",a,儿童图书+图书,2,
"3,259",米小圈上学记二年级：新同桌的烦恼,四川少年儿童出版社,"1",,"0","0",a,儿童图书+图书,2,
"3,260",米小圈上学记三年级：小顽皮和老顽皮,四川少年儿童出版社,"1",,"0","0",a,儿童图书+图书,2,
"3,261",米小圈上学记三年级：搞笑大王来啦,四川少年儿童出版社,"1",,"0","0",a,儿童图书+图书,2,
"3,262",米小圈上学记三年级：我有一个跟屁虫,四川少年儿童出版社,"1",,"0","0",a,儿童图书+图书,2,
"3,263",米小圈上学记三年级：加油！足球小将,四川少年儿童出版社,"1",,"0","0",a,儿童图书+图书,2,
"3,264",三毛流浪记,少年儿童出版社,"1",,"0","0",a,儿童图书+漫画,2,
"3,265",揭秘恐龙星球：恐龙大揭秘,延边大学出版社,"1","2-6岁","1","0",b,儿童图书+图画书,2,
"3,266",揭秘恐龙星球：重返三叠纪,延边大学出版社,"0","2-6岁","1","0",b,儿童图书+图画书,2,
"3,267",揭秘恐龙星球：行走侏罗纪,延边大学出版社,"1","2-6岁","1","0",b,儿童图书+图画书,2,
"3,268",揭秘恐龙星球：游历白垩纪,延边大学出版社,"1","2-6岁","1","0",b,儿童图书+图画书,2,
"3,269",揭秘恐龙星球：恐龙生存绝技,延边大学出版社,"1","2-6岁","1","0",b,儿童图书+图画书,2,
"3,270",揭秘恐龙星球：恐龙之最,延边大学出版社,"1","2-6岁","1","0",b,儿童图书+图画书,2,
"3,271",安徒生童话,湖北美术出版社,"1","2-6岁","1","0",b,儿童图书+图画书,2,
"3,272",伊索寓言,湖北美术出版社,"1","2-6岁","1","0",b,儿童图书+图画书,2,
"3,273",一千零一夜,湖北美术出版社,"1","2-6岁","1","0",b,儿童图书+图画书,2,
"3,274",格林童话,湖北美术出版社,"0","2-6岁","1","0",b,儿童图书+图画书,2,
"3,275",儿歌,延边人民出版社,"1","3-6岁","1","0",b,儿童图书+图书,2,
"3,276",大脚丫跳芭蕾,河北教育出版社,"1","2-6岁","0","0",b,儿童图书+绘本,2,
"3,277",奇先生妙小姐·节日精装绘本：欢欢喜喜过大年,童趣初版有限公司编译 人民邮电出版社,"1","2-6岁","0","0",b,儿童图书+绘本,2,
"3,278",彩虹色的花,二十一世纪出版社,"1","2-6岁","0","0",b,儿童图书+绘本,2,
"3,279",克里克塔,二十一世纪出版社,"1","3-6岁","0","0",b,儿童图书+绘本,2,
"3,280",肚子里有个火车站,北京科学技术出版社,"1","2-6岁","0","0",b,儿童图书+绘本,2,
"3,281",牙齿大街的新鲜事,北京科学技术出版社,"1","2-6岁","0","0",b,儿童图书+绘本,2,
"3,282",这不是我的帽子,河北教育出版社,"0","2-6岁","0","0",b,儿童图书+绘本,2,
"3,283",最奇妙的蛋,明天出版社,"1","3-7岁","0","0",b,儿童图书+绘本,2,
"3,284",一口袋的吻,贵州出版集团/贵州人民出版社,"1","3-7岁","0","0",b,儿童图书+绘本,2,
"3,285",让路给小鸭子,河北教育出版社,"1","3-6岁","0","0",b,儿童图书+绘本,2,
"3,286",影子是我的好朋友,浙江教育出版社,"1","3-6岁","0","0",b,儿童图书+绘本,2,
"3,287",我要揍你！,吉林摄影出版社,"1","3-6岁","0","0",b,儿童图书+绘本,2,
"3,288",我就不干！,吉林摄影出版社,"1","3-6岁","0","0",b,儿童图书+绘本,2,
"3,289",请，谢谢！,吉林摄影出版社,"1","3-6岁","0","0",b,儿童图书+绘本,2,
"3,290",我不和你玩！,吉林摄影出版社,"1","3-6岁","0","0",b,儿童图书+绘本,2,
"3,291",我就要！,吉林摄影出版社,"1","3-6岁","0","0",b,儿童图书+绘本,2,
"3,292",我不给你！,吉林摄影出版社,"1","3-6岁","0","0",b,儿童图书+绘本,2,
"3,293",该睡觉了，小宝贝,童趣初版有限公司编译 人民邮电出版社,"1","3-6岁","0","0",b,儿童图书+绘本,2,
"3,294",爱打嗝的大熊,现代教育出版社,"1","3-6岁","0","0",b,儿童图书+绘本,2,
"3,295",小恐龙完美成长系列（行为管理）：小气鬼玲珑,西安出版社,"1","3-6岁","0","0",b,儿童图书+绘本,2,
"3,296",小恐龙完美成长系列（行为管理）：捣蛋鬼皮皮,西安出版社,"1","3-6岁","0","0",b,儿童图书+绘本,2,
"3,297",小恐龙完美成长系列（行为管理）：杰克不听话,西安出版社,"1","3-6岁","0","0",b,儿童图书+绘本,2,
"3,298",小恐龙完美成长系列（行为管理）：温蒂最得意,西安出版社,"1","3-6岁","0","0",b,儿童图书+绘本,2,
"3,299",小恐龙完美成长系列（行为管理）：朱迪说抱歉,西安出版社,"1","3-6岁","0","0",b,儿童图书+绘本,2,
"3,300",小恐龙完美成长系列（行为管理）：小邋遢亨利,西安出版社,"1","3-6岁","0","0",b,儿童图书+绘本,2,
"3,301",朱家故事,河北教育出版社,"1","3-6岁","0","0",b,儿童图书+绘本,2,
"3,302",小黑鱼,南海出版公司,"1","3-6岁","0","0",b,儿童图书+绘本,2,
"3,303",袋子里的心,化学工业出版社,"1","3-6岁","0","0",b,儿童图书+绘本,2,
"3,304",棉被山隧道,二十一世纪出版社,"1","3-6岁","0","0",b,儿童图书+绘本,2,
"3,305",恐龙集结号,长江出版社,"1","3-6岁","0","0",b,儿童图书+绘本,2,
"3,306",蒲公英科学绘本系列1：我们身体里的“洞”,浙江教育出版社,"1","3-6岁","0","0",b,儿童图书+绘本,2,
"3,307",蒲公英科学绘本系列2：种子嘟嘟想变成什么呢？,浙江教育出版社,"1","3-6岁","0","0",b,儿童图书+绘本,2,
"3,308",蒲公英科学绘本系列2：我喜欢你,浙江教育出版社,"1","3-6岁","0","0",b,儿童图书+绘本,2,
"3,309",我的友情要出租,新疆青少年出版社,"1","3-7岁","0","0",b,儿童图书+绘本,2,
"3,310","100万只猫",北京联合出版公司,"1","3-7岁","0","0",b,儿童图书+绘本,2,
"3,311",手套,二十一世纪出版社,"1","3-7岁","0","0",b,儿童图书+绘本,2,
"3,312",自我保护意识培养第一辑：我不跟你走,地震出版社,"1","3-7岁","0","0",b,儿童图书+绘本,2,
"3,313",成语故事1,武汉出版社,"1","3-7岁","1","0",b,儿童图书+图书,2,
"3,314",成语故事2,武汉出版社,"1","3-7岁","1","0",b,儿童图书+图书,2,
"3,315",成语故事3,武汉出版社,"0","3-7岁","1","0",b,儿童图书+图书,2,
"3,316",成语故事4,武汉出版社,"1","3-7岁","1","0",b,儿童图书+图书,2,
"3,317",有故事的汉字：认识自我篇,青岛出版社,"0","3-7岁","1","0",b,儿童图书+图书,2,
"3,318",有故事的汉字：亲近自然篇,青岛出版社,"0","3-7岁","1","0",b,儿童图书+图书,2,
"3,319",有故事的汉字：走进生活篇,青岛出版社,"0","3-7岁","1","0",b,儿童图书+图书,2,
"3,320",丑比头大百科,安徽少年儿童出版社,"1","6-9岁","0","0",a,儿童图书+图书,2,
"3,321",丑比头大研究  新种发现--a,安徽少年儿童出版社,"1","6-9岁","0","0",a,儿童图书+图书,2,
"3,322",丑比头观察入门 捕捉与饲养的方法--a,安徽少年儿童出版社,"1","6-9岁","0","0",a,儿童图书+图书,2,
"3,323",老鼠牙医生,二十一世纪出版社,"1","4-8岁","0","0",b,儿童图书+绘本,2,
"3,324",小火车头做到了,电子工业出版社,"1","4-8岁","0","0",b,儿童图书+绘本,2,
"3,325",壁橱里的冒险,新星出版社,"1","4-8岁","0","0",b,儿童图书+绘本,2,
"3,326",没了就没了,北京联合出版公司,"1","4-8岁","0","0",b,儿童图书+绘本,2,
"3,327",晴天下猪系列：晴天有时下猪,二十一世纪出版社,"1","4-8岁","0","0",b,儿童图书+图画书,2,
"3,328",晴天下猪系列：明天是猪日,二十一世纪出版社,"1","4-8岁","0","0",b,儿童图书+图画书,2,
"3,329",晴天下猪系列：我有时是猪,二十一世纪出版社,"1","4-8岁","0","0",b,儿童图书+图画书,2,
"3,330",晴天下猪系列：肚脐眼儿都是漫画,二十一世纪出版社,"1","4-8岁","0","0",b,儿童图书+图画书,2,
"3,331",晴天下猪系列：梦里来的梦孩儿,二十一世纪出版社,"0","4-8岁","0","0",b,儿童图书+图画书,2,
"3,332",晴天下猪系列：搬家机器人,二十一世纪出版社,"1","4-8岁","0","0",b,儿童图书+图画书,2,
"3,333",晴天下猪系列：晴天有时下章鱼,二十一世纪出版社,"1","4-8岁","0","0",b,儿童图书+图画书,2,
"3,334",晴天下猪系列：晴天有时哈哈哈,二十一世纪出版社,"1","4-8岁","0","0",b,儿童图书+图画书,2,
"3,335",晴天下猪系列：晴天有时拧劲儿鬼,二十一世纪出版社,"0","4-8岁","0","0",b,儿童图书+图画书,2,
"3,336",森林报·春,延边大学出版社,"0","4-8岁","1","0",b,儿童图书+图书,2,
"3,337",森林报·夏,延边大学出版社,"1","4-8岁","1","0",b,儿童图书+图书,2,
"3,338",森林报·秋,延边大学出版社,"0","4-8岁","1","0",b,儿童图书+图书,2,
"3,339",森林报·冬,延边大学出版社,"1","4-8岁","1","0",b,儿童图书+图书,2,
"3,340",儿童趣味百科1：不可思议的罗马人,北京联合出版公司,"1","3-12岁","0","0",b,儿童图书+绘本,2,
"3,341",儿童趣味百科2：遇见古埃及人,北京联合出版公司,"1","3-12岁","0","0",b,儿童图书+绘本,2,
"3,342",儿童趣味百科3：,北京联合出版公司,"0","3-12岁","0","0",b,儿童图书+绘本,2,
"3,343",儿童趣味百科4：人体全书,北京联合出版公司,"1","3-12岁","0","0",b,儿童图书+绘本,2,
"3,344",儿童趣味百科5：恐龙王国,北京联合出版公司,"1","3-12岁","0","0",b,儿童图书+绘本,2,
"3,345",儿童趣味百科6：,北京联合出版公司,"0","3-12岁","0","0",b,儿童图书+绘本,2,
"3,346",儿童趣味百科7：飞机、火车和汽车,北京联合出版公司,"1","3-12岁","0","0",b,儿童图书+绘本,2,
"3,347",儿童趣味百科8：嘿，海盗,北京联合出版公司,"1","3-12岁","0","0",b,儿童图书+绘本,2,
"3,348",儿童趣味百科9：太阳系之旅,北京联合出版公司,"1","3-12岁","0","0",b,儿童图书+绘本,2,
"3,349",儿童趣味百科10：一起去农场,北京联合出版公司,"1","3-12岁","0","0",b,儿童图书+绘本,2,
"3,350",查理与劳拉：说茄子！,接力出版社,"1",,"0","0",b,儿童图书+绘本,2,
"3,351",查理与劳拉：我最喜欢雪了,接力出版社,"1",,"0","0",b,儿童图书+绘本,2,
"3,352",查理与劳拉：我们真的能照看好你的狗,接力出版社,"1",,"0","0",b,儿童图书+绘本,2,
"3,353",查理与劳拉：我特别了解豚鼠,接力出版社,"1",,"0","0",b,儿童图书+绘本,2,
"3,354",查理与劳拉：喂！等一下，那是我的书,接力出版社,"1",,"0","0",b,儿童图书+绘本,2,
"3,355",查理与劳拉：我的那颗摇晃的牙齿绝对绝对不能掉,接力出版社,"1",,"0","0",b,儿童图书+绘本,2,
"3,356",查理与劳拉：天哪！但那不是我干的,接力出版社,"1",,"0","0",b,儿童图书+绘本,2,
"3,357",查理与劳拉：我会非常非常小心的,接力出版社,"1",,"0","0",b,儿童图书+绘本,2,
"3,358",查理与劳拉：我真的真的好难受,接力出版社,"1",,"0","0",b,儿童图书+绘本,2,
"3,359",查理与劳拉：我赢了，不，我赢了，不，我赢了,接力出版社,"1",,"0","0",b,儿童图书+绘本,2,
"3,360",查理与劳拉：这应该是我的生日会,接力出版社,"1",,"0","0",b,儿童图书+绘本,2,
"3,361",查理与劳拉：我不困，我不想睡觉,接力出版社,"1",,"0","0",b,儿童图书+绘本,2,
"3,362",查理与劳拉：我太小，我不能上学,接力出版社,"1",,"0","0",b,儿童图书+绘本,2,
"3,363",查理与劳拉：我绝对绝对不吃番茄,接力出版社,"1",,"0","0",b,儿童图书+绘本,2,
"3,364",查理与劳拉：照顾好你的星球,接力出版社,"1",,"0","0",b,儿童图书+绘本,2,
"3,365",丁丁历险记1：丁丁在刚果 Tintin au Congo 1931年7月出版,中国少年儿童出版社,"1","5-10岁","0","0",b,儿童图书+漫画,2,
"3,366",丁丁历险记2：丁丁在美洲 Tintin en Amérique 1932年11月出版,中国少年儿童出版社,"1","5-10岁","0","0",b,儿童图书+漫画,2,
"3,367",丁丁历险记3：法老的雪茄 Les Cigares du pharaon 1934年10月出版,中国少年儿童出版社,"1","5-10岁","0","0",b,儿童图书+漫画,2,
"3,368",丁丁历险记4：蓝莲花 Le Lotus bleu 1936年9月出版,中国少年儿童出版社,"1","5-10岁","0","0",b,儿童图书+漫画,2,
"3,369",丁丁历险记：破损的耳朵/“破耳朵”的故事（文联版旧译） L'Oreille cassée 1937年11月出版,中国少年儿童出版社,"1","5-10岁","0","0",b,儿童图书+漫画,2,
"3,370",丁丁历险记：黑岛 L'?le Noire 1938年11月出版,中国少年儿童出版社,"1","5-10岁","0","0",b,儿童图书+漫画,2,
"3,371",丁丁历险记：奥托卡王的权杖 Le Sceptre d'Ottokar 1939年出版,中国少年儿童出版社,"0","5-10岁","0","0",b,儿童图书+漫画,2,
"3,372",丁丁历险记8：金钳螃蟹贩毒集团/红钳螃蟹贩毒集团破获记（文联版旧译） Le Crabe aux pinces d'or 1941年11月出版,中国少年儿童出版社,"1","5-10岁","0","0",b,儿童图书+漫画,2,
"3,373",丁丁历险记：神秘的流星/神秘的星星（文联版旧译） L'?toile mystérieuse 1942年12月出版,中国少年儿童出版社,"0","5-10岁","0","0",b,儿童图书+漫画,2,
"3,374",丁丁历险记：独角兽号的秘密 Le Secret de La Licorne 1943年10月出版,中国少年儿童出版社,"1","5-10岁","0","0",b,儿童图书+漫画,2,
"3,375",丁丁历险记：红色拉克姆的宝藏/海盗失宝（文联版旧译）/红鬼哈克哈姆的宝藏 Le Trésor de Rackham le Rouge 1944年11月出版,中国少年儿童出版社,"0","5-10岁","0","0",b,儿童图书+漫画,2,
"3,376",丁丁历险记：七个水晶球 Les Sept Boules de cristal 1948年9月出版,中国少年儿童出版社,"0","5-10岁","0","0",b,儿童图书+漫画,2,
"3,377",丁丁历险记12：太阳神的囚徒/太阳的囚徒（文联版旧译） Le Temple du Soleil 1949年9月出版,中国少年儿童出版社,"1","5-10岁","0","0",b,儿童图书+漫画,2,
"3,378",丁丁历险记：黑金之国 Tintin au pays de l'or noir 1950年12月出版,中国少年儿童出版社,"0","5-10岁","0","0",b,儿童图书+漫画,2,
"3,379",丁丁历险记：黑金之国 Tintin au pays de l'or noir 1950年12月出版,中国少年儿童出版社,"0","5-10岁","0","0",b,儿童图书+漫画,2,
"3,380",丁丁历险记：月球探险 On a marché sur la Lune 1954年8月出版,中国少年儿童出版社,"0","5-10岁","0","0",b,儿童图书+漫画,2,
"3,381",丁丁历险记：卡尔库鲁斯绑架案/卡尔库鲁斯案件（文联版旧译）,中国少年儿童出版社,"0","5-10岁","0","0",b,儿童图书+漫画,2,
"3,382",丁丁历险记：向日葵教授绑架案 L'Affaire Tournesol 1956年10月出版,中国少年儿童出版社,"0","5-10岁","0","0",b,儿童图书+漫画,2,
"3,383",丁丁历险记：货舱里的黑幕/红海鲨鱼（文联版旧译）Coke en stock 1958年7月出版,中国少年儿童出版社,"1","5-10岁","0","0",b,儿童图书+漫画,2,
"3,384",丁丁历险记：绿宝石失窃案,中国少年儿童出版社,"1","5-10岁","0","0",b,儿童图书+漫画,2,
"3,385",丁丁历险记：丁丁在西藏,中国少年儿童出版社,"1","5-10岁","0","0",b,儿童图书+漫画,2,
"3,386",丁丁历险记：714航班 Vol 714 pour Sydney 1968年1月出版,中国少年儿童出版社,"0","5-10岁","0","0",b,儿童图书+漫画,2,
"3,387",丁丁历险记：丁丁与丛林战士/丁丁和流浪汉（文联版旧译）Tintin et les Picaros 1976年1月出版,中国少年儿童出版社,"1","5-10岁","0","0",b,儿童图书+漫画,2,
"3,388",劳拉的星星：开学第一天,中国少年儿童出版社,"1",,"0","0",b,儿童图书+图画书,2,
"3,389",劳拉的星星：谁折断了友谊树,中国少年儿童出版社,"0",,"0","0",b,儿童图书+图画书,2,
"3,390",劳拉的星星：午夜大餐,中国少年儿童出版社,"0",,"0","0",b,儿童图书+图画书,2,
"3,391",劳拉的星星：一个人去灯笼岛,中国少年儿童出版社,"0",,"0","0",b,儿童图书+图画书,2,
"3,392",劳拉的星星：野外露营历险记,中国少年儿童出版社,"0",,"0","0",b,儿童图书+图画书,2,
"3,393",劳拉的星星：我来当小丑,中国少年儿童出版社,"0",,"0","0",b,儿童图书+图画书,2,
"3,394",劳拉的星星：寻找圣诞老人,中国少年儿童出版社,"0",,"0","0",b,儿童图书+图画书,2,
"3,395",杨红樱儿童情商教育绘本系列：小红船儿摇呀摇,文化发展出版社,"1",,"0","0",b,儿童图书+绘本,2,
"3,396",杨红樱儿童情商教育绘本系列：粉红信封,文化发展出版社,"1",,"0","0",b,儿童图书+绘本,2,
"3,397",杨红樱儿童情商教育绘本系列：一片树叶两只蚂蚁,文化发展出版社,"1",,"0","0",b,儿童图书+绘本,2,
"3,398",杨红樱儿童情商教育绘本系列：巧克力饼屋,文化发展出版社,"1",,"0","0",b,儿童图书+绘本,2,
"3,399",杨红樱儿童情商教育绘本系列：猫小花和鼠小灰,文化发展出版社,"1",,"0","0",b,儿童图书+绘本,2,
"3,400",长袜子皮皮 林格伦（国际安徒生奖获得者）作品选,中国少年儿童出版社,"1","5-9岁","0","0",b,儿童图书+图书,2,
"3,401",一年级大个子二年级小个子,接力出版社,"1","6-8岁","1","0",b,儿童图书+图书,2,
"3,402",冰龙 乔治·R.R.马丁（冰与火之歌作者）,长江少年儿童出版社,"1","5-9岁","0","0",b,儿童图书+图书,2,
"3,403",笨狼的故事,浙江儿童出版社,"1","5-9岁","0","0",b,儿童图书+图书,2,
"3,404",世界上最最温馨的家,南海出版公司,"1","4-9岁","0","0",b,儿童图书+图画书,2,科普类
"3,405",一粒种子的旅行4--9岁,南海出版公司,"1","4-9岁","0","0",b,儿童图书+图画书,2,科普类
"3,406",多音字儿歌200首（上卷）,辽宁少年儿童出版社,"0","3-7岁","1","0",b,儿童图书+图书,2,
"3,407",多音字儿歌200首（下卷）,辽宁少年儿童出版社,"0","3-7岁","1","0",b,儿童图书+图书,2,
"3,408",洋葱头历险记,天地出版社,"0","5岁以上","1","0",b,儿童图书+图书,2,
"3,409",木偶奇遇记,人民文学出版社,"0","6岁以上","0","0",b,儿童图书+图书,2,
"3,410",我和小姐姐克拉拉,二十一世纪出版社,"0","6岁以上","0","0",b,儿童图书+图书,2,
"3,411",小学生科学馆低年级版：气体,湖北少年儿童出版社,"1","6-10岁","0","0",c,儿童图书+图画书,2,
"3,412",小学生科学馆低年级版：固体,湖北少年儿童出版社,"1","6-10岁","0","0",c,儿童图书+图画书,2,
"3,413",小学生科学馆低年级版：液体,湖北少年儿童出版社,"1","6-10岁","0","0",c,儿童图书+图画书,2,
"3,414",小学生科学馆低年级版：冷凝,湖北少年儿童出版社,"1","6-10岁","0","0",c,儿童图书+图画书,2,
"3,415",小学生科学馆低年级版：物质的形态,湖北少年儿童出版社,"1","6-10岁","0","0",c,儿童图书+图画书,2,
"3,416",小学生科学馆低年级版：肌肉,湖北少年儿童出版社,"1","6-10岁","0","0",c,儿童图书+图画书,2,
"3,417",小学生科学馆低年级版：脑,湖北少年儿童出版社,"1","6-10岁","0","0",c,儿童图书+图画书,2,
"3,418",小学生科学馆低年级版：心脏,湖北少年儿童出版社,"1","6-10岁","0","0",c,儿童图书+图画书,2,
"3,419",小学生科学馆低年级版：骨骼,湖北少年儿童出版社,"1","6-10岁","0","0",c,儿童图书+图画书,2,
"3,420",小学生科学馆低年级版：感官,湖北少年儿童出版社,"1","6-10岁","0","0",c,儿童图书+图画书,2,
"3,421",小学生科学馆低年级版：肺,湖北少年儿童出版社,"1","6-10岁","0","0",c,儿童图书+图画书,2,
"3,422",小学生科学馆低年级版：人体小秘密,湖北少年儿童出版社,"1","6-10岁","0","0",c,儿童图书+图画书,2,
"3,423",小学生科学馆低年级版：我们的地球,湖北少年儿童出版社,"1","6-10岁","0","0",c,儿童图书+图画书,2,
"3,424",小学生科学馆低年级版：小行星和彗星,湖北少年儿童出版社,"1","6-10岁","0","0",c,儿童图书+图画书,2,
"3,425",小学生科学馆低年级版：太阳系的行星,湖北少年儿童出版社,"1","6-10岁","0","0",c,儿童图书+图画书,2,
"3,426",小学生科学馆低年级版：卫星,湖北少年儿童出版社,"1","6-10岁","0","0",c,儿童图书+图画书,2,
"3,427",小学生科学馆低年级版：太阳,湖北少年儿童出版社,"1","6-10岁","0","0",c,儿童图书+图画书,2,
"3,428",小学生科学馆低年级版：太空中的邻居,湖北少年儿童出版社,"1","6-10岁","0","0",c,儿童图书+图画书,2,
"3,429",大侦探福尔摩斯小学生版1：追凶20年,湖北教育出版社,"0","6-10岁","0","0",c,儿童图书+图书,2,
"3,430",大侦探福尔摩斯小学生版2：四个神秘的签名,湖北教育出版社,"0","6-10岁","0","0",c,儿童图书+图书,2,
"3,431",大侦探福尔摩斯小学生版3：肥鹅与蓝宝石,湖北教育出版社,"1","6-10岁","0","0",c,儿童图书+图书,2,
"3,432",大侦探福尔摩斯小学生版4：花斑带奇案,湖北教育出版社,"1","6-10岁","0","0",c,儿童图书+图书,2,
"3,433",大侦探福尔摩斯小学生版5：银星神驹失踪案,湖北教育出版社,"1","6-10岁","0","0",c,儿童图书+图书,2,
"3,434",大侦探福尔摩斯小学生版6：乞丐与绅士,湖北教育出版社,"1","6-10岁","0","0",c,儿童图书+图书,2,
"3,435",大侦探福尔摩斯小学生版7：六个拿破仑,湖北教育出版社,"1","6-10岁","0","0",c,儿童图书+图书,2,
"3,436",大侦探福尔摩斯小学生版8：,湖北教育出版社,"0","6-10岁","0","0",c,儿童图书+图书,2,
"3,437",大侦探福尔摩斯小学生版9：密函失窃案,湖北教育出版社,"1","6-10岁","0","0",c,儿童图书+图书,2,
"3,438",大侦探福尔摩斯小学生版10：骑自行车的神秘人,湖北教育出版社,"1","6-10岁","0","0",c,儿童图书+图书,2,
"3,439",大侦探福尔摩斯小学生版11：魂断雷神桥,湖北教育出版社,"1","6-10岁","0","0",c,儿童图书+图书,2,
"3,440",大侦探福尔摩斯小学生版12：吸血鬼之谜,湖北教育出版社,"1","6-10岁","0","0",c,儿童图书+图书,2,
"3,441",大侦探福尔摩斯小学生版13：智救李大猩,湖北教育出版社,"1","6-10岁","0","0",c,儿童图书+图书,2,
"3,442",大侦探福尔摩斯小学生版14：近视眼杀人凶手,湖北教育出版社,"1","6-10岁","0","0",c,儿童图书+图书,2,
"3,443",大侦探福尔摩斯小学生版15：史上最强的女对手,湖北教育出版社,"1","6-10岁","0","0",c,儿童图书+图书,2,
"3,444",大侦探福尔摩斯小学生版16：连环失踪大探案,湖北教育出版社,"1","6-10岁","0","0",c,儿童图书+图书,2,
"3,445",大侦探福尔摩斯小学生版17：纵火犯与女巫,湖北教育出版社,"1","6-10岁","0","0",c,儿童图书+图书,2,
"3,446",大侦探福尔摩斯小学生版18：逃狱大追捕,湖北教育出版社,"1","6-10岁","0","0",c,儿童图书+图书,2,
"3,447",大侦探福尔摩斯小学生版19：濒死的大侦探,湖北教育出版社,"1","6-10岁","0","0",c,儿童图书+图书,2,
"3,448",大侦探福尔摩斯小学生版20：西部大决斗,湖北教育出版社,"1","6-10岁","0","0",c,儿童图书+图书,2,
"3,449",大侦探福尔摩斯小学生版21：夺命的结晶,湖北教育出版社,"1","6-10岁","0","0",c,儿童图书+图书,2,
"3,450",大侦探福尔摩斯小学生版22：幽灵的哭泣,湖北教育出版社,"1","6-10岁","0","0",c,儿童图书+图书,2,
"3,451",大侦探福尔摩斯小学生版23：女明星谋杀案,湖北教育出版社,"1","6-10岁","0","0",c,儿童图书+图书,2,
"3,452",大侦探福尔摩斯小学生版24：,湖北教育出版社,"0","6-10岁","0","0",c,儿童图书+图书,2,
"3,453",大侦探福尔摩斯小学生版25：蜜蜂谋杀案,湖北教育出版社,"1","6-10岁","0","0",c,儿童图书+图书,2,
"3,454",大侦探福尔摩斯小学生版26：,湖北教育出版社,"0","6-10岁","0","0",c,儿童图书+图书,2,
"3,455",大侦探福尔摩斯小学生版27：空中的悲剧,湖北教育出版社,"1","6-10岁","0","0",c,儿童图书+图书,2,
"3,456",大侦探福尔摩斯小学生版28：凶手的倒影,湖北教育出版社,"1","6-10岁","0","0",c,儿童图书+图书,2,
"3,457",大侦探福尔摩斯小学生版29：美丽的凶器,湖北教育出版社,"1","6-10岁","0","0",c,儿童图书+图书,2,
"3,458",大侦探福尔摩斯小学生版30：无声的呼唤,湖北教育出版社,"1","6-10岁","0","0",c,儿童图书+图书,2,
"3,459",大侦探福尔摩斯小学生版31：沉默的母亲,湖北教育出版社,"1","6-10岁","0","0",c,儿童图书+图书,2,
"3,460",大侦探福尔摩斯小学生版32：野性的报复,湖北教育出版社,"1","6-10岁","0","0",c,儿童图书+图书,2,
"3,461",淘气包马小跳：贪玩老爸,浙江少年儿童出版社,"1","6-10岁","0","0",c,儿童图书+图书,2,
"3,462",淘气包马小跳：轰隆隆老师,浙江少年儿童出版社,"1","6-10岁","0","0",c,儿童图书+图书,2,
"3,463",淘气包马小跳：笨女孩安琪儿,浙江少年儿童出版社,"1","6-10岁","0","0",c,儿童图书+图书,2,
"3,464",淘气包马小跳：四个调皮蛋,浙江少年儿童出版社,"1","6-10岁","0","0",c,儿童图书+图书,2,
"3,465",淘气包马小跳：同桌冤家,浙江少年儿童出版社,"1","6-10岁","0","0",c,儿童图书+图书,2,
"3,466",淘气包马小跳：暑假奇遇,浙江少年儿童出版社,"1","6-10岁","0","0",c,儿童图书+图书,2,
"3,467",淘气包马小跳：天真妈妈,浙江少年儿童出版社,"1","6-10岁","0","0",c,儿童图书+图书,2,
"3,468",淘气包马小跳：漂亮女孩夏林果,浙江少年儿童出版社,"1","6-10岁","0","0",c,儿童图书+图书,2,
"3,469",淘气包马小跳：丁克舅舅,浙江少年儿童出版社,"1","6-10岁","0","0",c,儿童图书+图书,2,
"3,470",淘气包马小跳：宠物集中营,浙江少年儿童出版社,"1","6-10岁","0","0",c,儿童图书+图书,2,
"3,471",淘气包马小跳：小大人丁文涛,浙江少年儿童出版社,"1","6-10岁","0","0",c,儿童图书+图书,2,
"3,472",淘气包马小跳：疯丫头杜真子,浙江少年儿童出版社,"1","6-10岁","0","0",c,儿童图书+图书,2,
"3,473",淘气包马小跳：超级市长,浙江少年儿童出版社,"1","6-10岁","0","0",c,儿童图书+图书,2,
"3,474",淘气包马小跳：跳跳电视台,浙江少年儿童出版社,"1","6-10岁","0","0",c,儿童图书+图书,2,
"3,475",淘气包马小跳：开甲壳虫车的女校长,浙江少年儿童出版社,"1","6-10岁","0","0",c,儿童图书+图书,2,
"3,476",淘气包马小跳：侦探小组在行动,浙江少年儿童出版社,"1","6-10岁","0","0",c,儿童图书+图书,2,
"3,477",淘气包马小跳：小英雄和芭蕾公主,浙江少年儿童出版社,"1","6-10岁","0","0",c,儿童图书+图书,2,
"3,478",淘气包马小跳：忠诚的流浪狗,浙江少年儿童出版社,"1","6-10岁","0","0",c,儿童图书+图书,2,
"3,479",淘气包马小跳：白雪公主小剧团,浙江少年儿童出版社,"1","6-10岁","0","0",c,儿童图书+图书,2,
"3,480",淘气包马小跳：孔雀屎咖啡,浙江少年儿童出版社,"1","6-10岁","0","0",c,儿童图书+图书,2,
"3,481",淘气包马小跳：奔跑的放牛班,浙江少年儿童出版社,"1","6-10岁","0","0",c,儿童图书+图书,2,
"3,482",淘气包马小跳：巨人的城堡,浙江少年儿童出版社,"1","6-10岁","0","0",c,儿童图书+图书,2,
"3,483",淘气包马小跳：名叫牛皮的插班生,浙江少年儿童出版社,"1","6-10岁","0","0",c,儿童图书+图书,2,
"3,484",君伟上小学：一年级鲜事多,河北少年儿童出版社,"1",一年级,"1","0",c,儿童图书+图书,2,
"3,485",君伟上小学：二年级问题多,河北少年儿童出版社,"1",二年级,"1","0",c,儿童图书+图书,2,
"3,486",君伟上小学：三年级花样多,河北少年儿童出版社,"1",三年级,"0","0",c,儿童图书+图书,2,
"3,487",君伟上小学：,河北少年儿童出版社,"0",四年级,"0","0",c,儿童图书+图书,2,
"3,488",君伟上小学：五年级意见多,河北少年儿童出版社,"1",五年级,"0","0",c,儿童图书+图书,2,
"3,489",君伟上小学：六年级怪事多,河北少年儿童出版社,"1",六年级,"0","0",c,儿童图书+图书,2,
"3,490",德国少年儿童百科知识全书：汽车世界 精彩的汽车发展史,长江少年儿童出版社,"1","8岁以上","0","0",c,儿童图书+图书,2,
"3,491","2018年少年时：一往无前的人工智能",天地出版社,"1","8岁以上","0","0",c,儿童图书+杂志,2,
"3,492","2018年少年时：体育运动之美",天地出版社,"1","8岁以上","0","0",c,儿童图书+杂志,2,
"3,493","2018年少年时：硅谷带动世界",天地出版社,"1","8岁以上","0","0",c,儿童图书+杂志,2,
"3,494","2018年少年时：",天地出版社,"0","8岁以上","0","0",c,儿童图书+杂志,2,
"3,495","2018年少年时：",天地出版社,"0","8岁以上","0","0",c,儿童图书+杂志,2,
"3,496","2018年少年时：",天地出版社,"0","8岁以上","0","0",c,儿童图书+杂志,2,
"3,497",小熊温尼·菩,中国少年儿童出版社,"1","5-9岁","0","0",,儿童图书+图书,2,
"3,498",世界上最神秘的 海洋书,化学工业出版社,"1","5-9岁","0","0",,儿童图书+图书,2,
"3,499",榕树下的小精灵：蒲公英公主,济南出版社,"1","6-8岁","0","0",,儿童图书+图书,2,
"3,500",榕树下的小精灵：雪人与小王子,济南出版社,"0","6-8岁","0","0",,儿童图书+图书,2,
"3,501",榕树下的小精灵：梦精灵的世界,济南出版社,"0","6-8岁","0","0",,儿童图书+图书,2,
"3,502",榕树下的小精灵：谁是最幸福的人,济南出版社,"1","6-8岁","0","0",,儿童图书+图书,2,
"3,503",孔子说·孙子说  蔡志忠,现代出版社,"0","8岁以上","0","2",d,儿童图书+漫画,2,
"3,504",庄子说  蔡志忠,现代出版社,"1","8岁以上","0","2",d,儿童图书+漫画,2,
"3,505",老子说 蔡志忠,现代出版社,"0","8岁以上","0","2",d,儿童图书+漫画,2,
"3,506",韩非子说·列子说 蔡志忠,现代出版社,"0","8岁以上","0","2",d,儿童图书+漫画,2,
"3,507",大学·中庸·论语·孟子说 蔡志忠,现代出版社,"0","8岁以上","0","2",d,儿童图书+漫画,2,
"3,508",岳飞传  钱彩（清）,天地出版社,"1","8-11岁","1","0",d,儿童图书+图书,2,
"3,509",克雷洛夫寓言精选,长江文艺出版社,"0",三年级,"0","0",d,儿童图书+图书,2,
"3,510",中国古代寓言,长江文艺出版社,"0",三年级,"0","0",d,儿童图书+图书,2,
"3,511",伊索寓言 注音版,二十一世纪出版社,"0","6-9岁","1","0",d,儿童图书+图书,2,
"3,512",伊索寓言,长江文艺出版社,"0",三年级,"0","0",d,儿童图书+图书,2,
"3,513",我的第一套经典名著书：西游记,安徽少年儿童出版社,"1",,"1","0",d,儿童图书+图书,2,
"3,514",我的第一套经典名著书：三国演义,安徽少年儿童出版社,"0",,"1","0",d,儿童图书+图书,2,
"3,515",我的第一套经典名著书：水浒传,安徽少年儿童出版社,"1",,"1","0",d,儿童图书+图书,2,
"3,516",我的第一套经典名著书：孙子兵法,安徽少年儿童出版社,"1",,"1","0",d,儿童图书+图书,2,
"3,517",我的第一套经典名著书：史记,安徽少年儿童出版社,"1",,"1","0",d,儿童图书+图书,2,
"3,518",小学生小古文100课 上册,济南出版社,"1",,"1","0",d,儿童图书+图书,2,
"3,519",小学生小古文100课 下册,济南出版社,"1",,"1","0",d,儿童图书+图书,2,
"3,520",我的第一本人文地理图画书：嗨，柏林,少年儿童出版社,"1",,"0","0",d,儿童图书+绘本,2,
"3,521",我的第一本人文地理图画书：嗨，苏格兰,少年儿童出版社,"1",,"0","0",d,儿童图书+绘本,2,
"3,522",我的第一本人文地理图画书：嗨，斯德哥尔摩,少年儿童出版社,"1",,"0","0",d,儿童图书+绘本,2,
"3,523",我的第一本人文地理图画书：嗨，纽约,少年儿童出版社,"1",,"0","0",d,儿童图书+绘本,2,
"3,524",我的第一本人文地理图画书：嗨，罗马,少年儿童出版社,"1",,"0","0",d,儿童图书+绘本,2,
"3,525",我的第一本人文地理图画书：嗨，伦敦,少年儿童出版社,"1",,"0","0",d,儿童图书+绘本,2,
"3,526",我的第一本人文地理图画书：嗨，东京,少年儿童出版社,"1",,"0","0",d,儿童图书+绘本,2,
"3,527",我的第一本人文地理图画书：嗨，德里,少年儿童出版社,"1",,"0","0",d,儿童图书+绘本,2,
"3,528",我的第一本人文地理图画书：嗨，悉尼,少年儿童出版社,"1",,"0","0",d,儿童图书+绘本,2,
"3,529",我的第一本人文地理图画书：嗨，马德里,少年儿童出版社,"1",,"0","0",d,儿童图书+绘本,2,
"3,530",我的第一本人文地理图画书：嗨，巴黎,少年儿童出版社,"1",,"0","0",d,儿童图书+绘本,2,
"3,531",我的第一本人文地理图画书：嗨，法国,少年儿童出版社,"1",,"0","0",d,儿童图书+绘本,2,
"3,532",格林童话 闻钟 主编,商务印书馆,"1",,"0","0",d,儿童图书+图书,2,
"3,533",力学原来这么有趣！,现代出版社,"0","5岁以上","0","0",,儿童图书+图书,2,
"3,534",法布尔昆虫记：用生命去歌唱—蝉,中国画报出版社,"1","6岁以上","0","0",d,儿童图书+图画书,2,
"3,535",法布尔昆虫记：远征的强盗—红蚂蚁 飞舞的清道夫—绿蝇,中国画报出版社,"1","6岁以上","0","0",d,儿童图书+图画书,2,
"3,536",法布尔昆虫记：大自然的清洁工—圣甲虫,中国画报出版社,"1","6岁以上","0","0",d,儿童图书+图画书,2,
"3,537",法布尔昆虫记：劳动的模范—隧蜂,中国画报出版社,"1","6岁以上","0","0",d,儿童图书+图画书,2,
"3,538",法布尔昆虫记：专业殡葬工—负葬甲 冷面毒王—黑腹狼蛛,中国画报出版社,"1","6岁以上","0","0",d,儿童图书+图画书,2,
"3,539",法布尔昆虫记：谁说我装死—布甲 美丽的舞者—大孔雀蛾,中国画报出版社,"1","6岁以上","0","0",d,儿童图书+图画书,2,
"3,540",法布尔昆虫记：我爱卷心菜—菜粉蝶,中国画报出版社,"1","6岁以上","0","0",d,儿童图书+图画书,2,
"3,541",法布尔昆虫记：夏夜里的小灯笼—萤火虫,中国画报出版社,"1","6岁以上","0","0",d,儿童图书+图画书,2,
"3,542",法布尔昆虫记：骁勇善战的捕食霸王—螳螂 草丛里的跳跃高手—蝗虫,中国画报出版社,"1","6岁以上","0","0",d,儿童图书+图画书,2,
"3,543",法布尔昆虫记：小小的战斗勇士—蝎子,中国画报出版社,"1","6岁以上","0","0",d,儿童图书+图画书,2,
"3,544",弗朗兹故事全集1：弗朗兹的故事,二十一世纪出版社,"0","7-8岁","0","0",d,儿童图书+图书,2,
"3,545",弗朗兹故事全集2：弗朗兹的新故事,二十一世纪出版社,"0","7-8岁","0","0",d,儿童图书+图书,2,
"3,546",弗朗兹故事全集3：弗朗兹的校园故事,二十一世纪出版社,"0","7-8岁","0","0",d,儿童图书+图书,2,
"3,547",弗朗兹故事全集4：弗朗兹的新校园故事,二十一世纪出版社,"0","7-8岁","0","0",d,儿童图书+图书,2,
"3,548",弗朗兹故事全集5：弗朗兹的暑假故事,二十一世纪出版社,"0","7-8岁","0","0",d,儿童图书+图书,2,
"3,549",弗朗兹故事全集6：弗朗兹生病的故事,二十一世纪出版社,"0","7-8岁","0","0",d,儿童图书+图书,2,
"3,550",弗朗兹故事全集7：弗朗兹的爱情故事,二十一世纪出版社,"0","7-8岁","0","0",d,儿童图书+图书,2,
"3,551",弗朗兹故事全集8：弗朗兹的圣诞故事,二十一世纪出版社,"0","7-8岁","0","0",d,儿童图书+图书,2,
"3,552",弗朗兹故事全集9：弗朗兹看电视的故事,二十一世纪出版社,"0","7-8岁","0","0",d,儿童图书+图书,2,
"3,553",弗朗兹故事全集10：弗朗兹和狗的故事,二十一世纪出版社,"0","7-8岁","0","0",d,儿童图书+图书,2,
"3,554",弗朗兹故事全集11：弗朗兹和婴儿的故事,二十一世纪出版社,"0","7-8岁","0","0",d,儿童图书+图书,2,
"3,555",弗朗兹故事全集12：弗朗兹和姥爷的故事,二十一世纪出版社,"0","7-8岁","0","0",d,儿童图书+图书,2,
"3,556",弗朗兹故事全集13：弗朗兹和足球的故事,二十一世纪出版社,"0","7-8岁","0","0",d,儿童图书+图书,2,
"3,557",弗朗兹故事全集14：弗朗兹和马的故事,二十一世纪出版社,"0","7-8岁","0","0",d,儿童图书+图书,2,
"3,558",弗朗兹故事全集15：弗朗兹的废话故事,二十一世纪出版社,"0","7-8岁","0","0",d,儿童图书+图书,2,
"3,559",弗朗兹故事全集16：弗朗兹和足球的新故事,二十一世纪出版社,"0","7-8岁","0","0",d,儿童图书+图书,2,
"3,560",弗朗兹故事全集17：弗朗兹的夏令营故事,二十一世纪出版社,"0","7-8岁","0","0",d,儿童图书+图书,2,
"3,561",弗朗兹故事全集18：弗朗兹的侦探故事,二十一世纪出版社,"0","7-8岁","0","0",d,儿童图书+图书,2,
"3,562",David Gets in Trouble,,"0",,"0","1",d,儿童图书+绘本,2,
"3,563",little blue and little yellow,,"0",,"0","1",d,儿童图书+绘本,2,
"3,564",我带月亮去散步I took the moon for a walk,重庆出版社,"0",,"0","2",d,儿童图书+绘本,2,
"3,565",谁要一只便宜的犀牛Who wants  a cheap Rhinoceros?,南海出版公司,"0",,"0","2",d,儿童图书+绘本,2,
"3,566",我的第一套双语图解百科：多彩的自然,新蕾出版社,"0",,"0","2",d,儿童图书+绘本,2,
"3,567",我的第一套双语图解百科：悠久的历史,新蕾出版社,"0",,"0","2",d,儿童图书+绘本,2,
"3,568",我的第一套双语图解百科：喧嚣的城市,新蕾出版社,"0",,"0","2",d,儿童图书+绘本,2,
"3,569",我的第一套双语图解百科：强大的机器,新蕾出版社,"0",,"0","2",d,儿童图书+绘本,2,
"3,570",哈利·波特与魔法石,人民文学出版社,"1","6岁以上","0","0",d,儿童图书+图书,2,
"3,571",哈利·波特与,人民文学出版社,"0","6岁以上","0","0",d,儿童图书+图书,2,
"3,572",哈利·波特与阿兹卡班囚徒,人民文学出版社,"1","6岁以上","0","0",d,儿童图书+图书,2,
"3,573",哈利·波特与火焰杯,人民文学出版社,"1","6岁以上","0","0",d,儿童图书+图书,2,
"3,574",哈利·波特与凤凰社,人民文学出版社,"0","6岁以上","0","0",d,儿童图书+图书,2,
"3,575",哈利·波特与混血王子,人民文学出版社,"0","6岁以上","0","0",d,儿童图书+图书,2,
"3,576",哈利·波特与死亡圣器,人民文学出版社,"0","6岁以上","0","0",d,儿童图书+图书,2,
"3,577",亲爱的汉修先生 纽伯瑞儿童文学奖金奖,新蕾出版社,"0","7岁以上","0","0",d,儿童图书+图书,2,
"3,578",国际安徒生奖得主曹文轩纯美小说系列：细米,江苏凤凰少年儿童出版社,"1","7岁以上","0","0",d,儿童图书+图书,2,
"3,579",国际安徒生奖得主曹文轩纯美小说系列：草房子,江苏凤凰少年儿童出版社,"1","7岁以上","0","0",d,儿童图书+图书,2,
"3,580",鼹鼠的月亮河 经典长篇通话 王一梅著,新蕾出版社,"0","7岁以上","0","0",d,儿童图书+图书,2,
"3,581",荒原狼 金波著,辽宁少年儿童出版社,"0","7岁以上","0","0",d,儿童图书+图书,2,
"3,582",动物小说大王沈石溪·品藏书系列：狼王梦,浙江少年儿童出版社,"1","8岁以上","0","0",d,儿童图书+图书,2,
"3,583",动物小说大王沈石溪·品藏书系列：大鱼之道,浙江少年儿童出版社,"1","8岁以上","0","0",d,儿童图书+图书,2,
"3,584",玩转历史：莎士比亚和他的戏梦人生,海燕出版社,"1","8岁以上","0","0",d,儿童图书+图书,2,
"3,585",玩转历史：亨利八世和他的血腥屠刀,海燕出版社,"1","8岁以上","0","0",d,儿童图书+图书,2,
"3,586",玩转历史：牛顿和他的地心引力苹果,海燕出版社,"1","8岁以上","0","0",d,儿童图书+图书,2,
"3,587",玩转历史：丘吉尔和他的光荣战役,海燕出版社,"1","8岁以上","0","0",d,儿童图书+图书,2,
"3,588",玩转历史：科学家和他们的疯狂大实验,海燕出版社,"0","8岁以上","0","0",d,儿童图书+图书,2,
"3,589",玩转历史：达尔和他的巧克力工厂,海燕出版社,"1","8岁以上","0","0",d,儿童图书+图书,2,
"3,590",玩转历史：海盗和他们的加勒比齐航,海燕出版社,"1","8岁以上","0","0",d,儿童图书+图书,2,
"3,591",玩转历史：亚历山大和他的磅礴远征,海燕出版社,"1","8岁以上","0","0",d,儿童图书+图书,2,
"3,592",玩转历史：维多利亚女王和她的宫廷娱乐,海燕出版社,"1","8岁以上","0","0",d,儿童图书+图书,2,
"3,593",玩转历史：猫王和他的摇滚麦克风,海燕出版社,"1","8岁以上","0","0",d,儿童图书+图书,2,
"3,594",奇妙的昆虫世界,湖北少年儿童出版社,"0","7岁以上","0","0",d,儿童图书+图书,2,
"3,595",玩出来的科学：玩出来的数学家,湖南少年儿童出版社,"0","7岁以上","0","0",d,儿童图书+图书,2,
"3,596",玩出来的科学：玩出来的科学家,湖南少年儿童出版社,"0","7岁以上","0","0",d,儿童图书+图书,2,
"3,597",玩出来的科学：玩出来的艺术家,湖南少年儿童出版社,"0","7岁以上","0","0",d,儿童图书+图书,2,
"3,598",大猫英语分级阅读一级组套,,"0",,"0","0",d,儿童图书+图书,2,
"3,599",少年励志小说馆：玛蒂的勇气,湖北少年儿童出版社,"1","8岁以上","0","0",d,儿童图书+图书,2,
"3,600",少年励志小说馆：看不见的美丽,湖北少年儿童出版社,"0","8岁以上","0","0",d,儿童图书+图书,2,
"3,601",少年励志小说馆：我的知心奶奶,湖北少年儿童出版社,"0","8岁以上","0","0",d,儿童图书+图书,2,
"3,602",少年励志小说馆：蓝门里的雅各布,湖北少年儿童出版社,"0","8岁以上","0","0",d,儿童图书+图书,2,
"3,603",少年励志小说馆：我有一个“姐姐”,湖北少年儿童出版社,"0","8岁以上","0","0",d,儿童图书+图书,2,
"3,604",少年励志小说馆：丑小鸭男孩,湖北少年儿童出版社,"0","8岁以上","0","0",d,儿童图书+图书,2,
"3,605",稻草人,河北儿童少年出版社,,"5岁以上","1","0",,,2,
"3,606",我会思考 了解世界,中信出版社,,"4-8岁","0","0",,,2,
"3,607",思维导图,北京师范大学出版社,,"5岁以上","0","0",,,2,
"3,608",幼儿英语启蒙有声绘本level1：雪人的鼻子,陕西人民教育出版社,,"3-6岁","0","1",,,2,
"3,609",幼儿英语启蒙有声绘本level1：五颜六色的糖果,陕西人民教育出版社,,"3-6岁","0","1",,,2,
"3,610",幼儿英语启蒙有声绘本level2：海底爱人,陕西人民教育出版社,,"3-6岁","0","1",,,2,
"3,611",幼儿英语启蒙有声绘本level2：小猪哼哼叫,陕西人民教育出版社,,"3-6岁","0","1",,,2,
"3,612",幼儿英语启蒙有声绘本level3：超级大沙堡,陕西人民教育出版社,,"3-6岁","0","1",,,2,
"3,613",幼儿英语启蒙有声绘本level3：一星期的美味,陕西人民教育出版社,,"3-6岁","0","1",,,2,
"3,614",幼儿英语启蒙有声绘本level4：恐龙开饭了,陕西人民教育出版社,,"3-6岁","0","1",,,2,
"3,615",幼儿英语启蒙有声绘本level4：开学前一晚,陕西人民教育出版社,,"3-6岁","0","1",,,2,
"3,616",幼儿英语启蒙有声绘本level5：小幽灵去上班,陕西人民教育出版社,,"3-6岁","0","1",,,2,
"3,617",幼儿英语启蒙有声绘本level5：圣诞蜘蛛,陕西人民教育出版社,,"3-6岁","0","1",,,2,
"3,618",幼儿英语启蒙有声绘本level6：斑马找条纹,陕西人民教育出版社,,"3-6岁","0","1",,,2,
"3,619",幼儿英语启蒙有声绘本level6：这是谁的衣服,陕西人民教育出版社,,"3-6岁","0","1",,,2,
"3,620",父与子全集1,郑州大学出版社,,"3-6岁","0","2",,,2,
"3,621",父与子全集2,郑州大学出版社,,"3-6岁","0","2",,,2,
"3,622",父与子全集3,郑州大学出版社,,"3-6岁","0","2",,,2,
"3,623",父与子全集4,郑州大学出版社,,"3-6岁","0","2",,,2,
"3,624",父与子全集5,郑州大学出版社,,"3-6岁","0","2",,,2,
"3,625",父与子全集6,郑州大学出版社,,"3-6岁","0","2",,,2,
"3,626",米奇妙妙屋：米你的快乐野餐会/高飞向前冲,外语教学与研究出版社,,"5岁以上","0","2",,,2,
"3,627",国际插画大师典藏：安徒生童话,安徽少年儿童出版社,,"5岁以上","0","0",bsa,,2,
"3,628",永远的珍藏：安徒生童话,四川少年儿童出版社,,"8岁以上","0","0",bsa,,2,
"3,629",少儿经典必读：伊索寓言,天津人民出版社,,"5岁以上","1","0",bsa,,2,
"3,630",上下五千年（上）  林汉达等编著,少年儿童出版社,,"6岁以上","0","0",bsa,,2,
"3,631",上下五千年（上）  林汉达等编著,少年儿童出版社,,"6岁以上","0","0",bsa,,2,
"3,632",小学生汪曾祺读本,浙江少年儿童出版社,,"7岁以上","0","0",bsa,,2,
"3,633",永远读不完的故事,二十一世纪出版社,,"7岁以上","0","0",bsa,,2,
"3,634",马文秋荒野动物故事：拯救小雪豹,长江少年儿童出版社,,"8岁以上","0","0",bsa,,2,
"3,635",马文秋荒野动物故事：奇遇新疆虎,长江少年儿童出版社,,"8岁以上","0","0",bsa,,2,
"3,636",马文秋荒野动物故事：雕蛇大战,长江少年儿童出版社,,"8岁以上","0","0",bsa,,2,
"3,637",马文秋荒野动物故事：神犬扎拉,长江少年儿童出版社,,"8岁以上","0","0",bsa,,2,
"3,638",力学原来这么有趣,现代出版社,,"7岁以上","0","0",,,2,
"3,639",中国通史故事第一卷,中国少年儿童出版社,,,"0","0",bsb,,2,
"3,640",中国通史故事第二卷,中国少年儿童出版社,,,"0","0",bsb,,2,
"3,641",中国通史故事第三卷,中国少年儿童出版社,,,"0","0",bsb,,2,
"3,642",中国通史故事第四卷,中国少年儿童出版社,,,"0","0",bsb,,2,
"3,643",世界通史故事第一卷,中国少年儿童出版社,,,"0","0",bsb,,2,
"3,644",世界通史故事第二卷,中国少年儿童出版社,,,"0","0",bsb,,2,
"3,645",世界通史故事第三卷,中国少年儿童出版社,,,"0","0",bsb,,2,
"3,646",世界通史故事第四卷,中国少年儿童出版社,,,"0","0",bsb,,2,
"3,647",男孩的冒险书1,广西科学技术出版社,,,,,bsc,,2,
"3,648",男孩的冒险书2,广西科学技术出版社,,,,,,,2,
"3,649",男孩的冒险书3,广西科学技术出版社,,,,,,,2,
"3,650",量子和量子通信  C.C.  彭世坤著,四川科学技术出版社,,,,,,,2,
"3,651",尤斯伯恩看里面：揭秘能量,接力出版社,,,,,,,2,
"3,652",尤斯伯恩看里面：揭秘宇宙,接力出版社,,,,,,,2,
"3,653",尤斯伯恩看里面：揭秘元素周期表,接力出版社,,,,,,,2,
"3,654",尤斯伯恩看里面：揭秘航天器,接力出版社,,,,,,,2,
"3,655",走进奇妙的虫子世界,新星出版社,,"3-6岁","0","0",,,2,
"3,656",人,贵州人民出版社,,"3-6岁","0","0",,,2,
"3,657",地图,贵州人民出版社,,"3-6岁","0","0",,,2,
"3,658",迪士尼我的第一本大百科全书,童趣出版有限公司编译 人民邮电出版社出版,,"3-6岁","0","0",,,2,
"3,659",DK玩出来的百科：奇趣-数学游戏,中央广播电视大学出版社,,"5岁以上","0","0",,,2,
"3,660",DK儿童：动物百科全书,中国大百科全书出版社,,"5岁以上","0","0",,,2,
"3,661",DK儿童：百科百问百答,中国大百科全书出版社,,"5岁以上","0","0",,,2,
"3,662",DK：儿童百科全书,中国大百科全书出版社,,"6岁以上","0","0",,,2,
"3,663",DK儿童：地理百科全书,中国大百科全书出版社,,"6岁以上","0","0",,,2,
"3,664",DK儿童：太空百科全书,中国大百科全书出版社,,"6岁以上","0","0",,,2,
"3,665",地下水下,贵州人民出版社,,"6岁以上","0","0",,,2,
"3,666",物种起源 少儿 彩绘版,接力出版社,,"6岁以上","0","0",,,2,
"3,667",DK儿童：人类历史百科全书,中国大百科全书出版社,,"7岁以上","0","0",,,2,
"3,668",DK：DK智力训练手册,科学普及出版社,,"7岁以上","0","0",d80,,2,
"3,669",DK：DK烧脑思维训练手册,黑龙江少年儿童出版社,,"7岁以上","0","0",d80,,2,
"3,670",DK儿童：汽车大百科,中国大百科全书出版社,,"8岁以上","0","0",,,2,
"3,671",DK：宇宙大百科,电子工业出版社,,"8岁以上","0","0",,,2,
"3,672",星际视野下的地球脉动：地球 EARTH,后浪出版公司,,"8岁以上","0","0",,,2,
